{
  "losses": [
    3.647479844093323,
    3.5205155417836944
  ],
  "lm_losses": [
    3.647479844093323,
    3.5205155417836944
  ],
  "perplexities": [
    26.472056706746418,
    25.026121203104655
  ],
  "routing_diversity": [
    1.7082757654032161,
    1.6705189042783464
  ]
}