{
  "losses": [
    5.617757182285703,
    3.870574851282712,
    3.7247820249919235,
    3.6290430841774777,
    3.571023368013316,
    3.5294516896379404
  ],
  "lm_losses": [
    5.617757182285703,
    3.870574851282712,
    3.7247820249919235,
    3.6290430841774777,
    3.571023368013316,
    3.5294516896379404
  ],
  "perplexities": [
    44.53370580673218,
    37.76560999552409,
    34.95236177444458,
    34.26874589920044,
    31.297458012898762,
    31.306320063273112
  ],
  "routing_diversity": [
    1.9323341508706402,
    1.95579617862729,
    1.9564899193829495,
    1.9578871339902109,
    1.9594281914932967,
    1.961037572019401
  ]
}